Danh mục,STT,WEBSITE,DA,PA,DR,Organic Traffic,SỐ LINK,ĐƠN GIÁ,Note
Tin tổng hợp (đa ngành),1.0,Chanhtuoi.com,34.0,55.0,77.0,276k,2 link no,5000000.0,
Tin tổng hợp (đa ngành),2.0,Websosanh.vn,38.0,53.0,72.0,332k,3 link no,5200000.0,Chèn link do 1tr/link/năm
Tin tổng hợp (đa ngành),3.0,Bloganchoi.com,36.0,55.0,76.0,203k,2 link no,2200000.0,
Tin tổng hợp (đa ngành),4.0,Topaz.vn,23.0,39.0,50.0,12k8,2 link do,1200000.0,
Tin tổng hợp (đa ngành),5.0,Hanoireview.vn,10.0,13.0,11.0,,2 link do,1200000.0,
Tin tổng hợp (đa ngành),6.0,Quynhonreview.vn,11.0,17.0,13.0,6k6,2 link do,1200000.0,
Tin tổng hợp (đa ngành),7.0,Hellodanang.vn,,,29.0,12k,2 link do,1200000.0,
Tin tổng hợp (đa ngành),8.0,Saigonreview.vn,14.0,24.0,26.0,4k8,2 link do,1200000.0,
Tin tổng hợp (đa ngành),9.0,Dongnaireview.vn,,,,,2 link do,1200000.0,
Tin tổng hợp (đa ngành),10.0,Canthoreview.vn,,,18.0,487.0,2 link do,1200000.0,
Tin tổng hợp (đa ngành),11.0,Chonthuonghieu.com,,,7.0,320.0,2 link no,800000.0,"Không đăng bài dạng top:
- Top Công ty, doanh nghiệp
- Top brand
- Top sản phẩm
- Top website
- Top địa điểm"
Tin tổng hợp (đa ngành),12.0,Danhgiasao.com,28.0,32.0,19.0,668.0,2 link no,800000.0,
Tin tổng hợp (đa ngành),13.0,Hcmtoplist.com,23.0,37.0,29.0,78k,2 link no,800000.0,
Tin tổng hợp (đa ngành),14.0,Hanoitoplist.com,20.0,34.0,24.0,38k,2 link no,800000.0,
Tin tổng hợp (đa ngành),15.0,Top10danang.com,30.0,38.0,48.0,41k,2 link no,800000.0,
Tin tổng hợp (đa ngành),16.0,Quangnamtoplist.com,16.0,25.0,2.0,204.0,2 link no,800000.0,
Tin tổng hợp (đa ngành),17.0,Quangbinhtoplist.com,9.0,19.0,,658.0,2 link no,800000.0,
Tin tổng hợp (đa ngành),18.0,Thaibinhtoplist.com,23.0,29.0,22.0,715.0,2 link no,800000.0,
Tin tổng hợp (đa ngành),19.0,Bentretoplist.com,10.0,22.0,10.0,3k8,2 link no,800000.0,
Tin tổng hợp (đa ngành),20.0,Huetoplist.com,18.0,25.0,11.0,554.0,2 link no,800000.0,
Tin tổng hợp (đa ngành),21.0,Phuthotoplist.com,27.0,32.0,,2k,2 link no,800000.0,
Tin tổng hợp (đa ngành),22.0,Angiangtoplist.com,26.0,31.0,,1k4,2 link no,800000.0,
Tin tổng hợp (đa ngành),23.0,Ngheantoplist.net,27.0,31.0,48.0,3k,2 link no,800000.0,
Tin tổng hợp (đa ngành),24.0,Thanhhoatoplist.com,1.0,14.0,46.0,1k7,2 link no,800000.0,
Tin tổng hợp (đa ngành),25.0,Binhduongtoplist.com ,,,10.0,404.0,2 link no,800000.0,
Tin tổng hợp (đa ngành),26.0,Dongnaitoplist.com,,,,726.0,2 link no,800000.0,
Tin tổng hợp (đa ngành),27.0,Binhdinhtoplist.com,,,35.0,2k6,2 link no,800000.0,
Tin tổng hợp (đa ngành),28.0,Tiengiangtoplist.com,24.0,29.0,,,2 link no,800000.0,
Tin tổng hợp (đa ngành),29.0,Bacninhtoplist.com,31.0,30.0,,,2 link no,900000.0,
Tin tổng hợp (đa ngành),30.0,Haiduongtoplist.com,12.0,19.0,,,2 link no,900000.0,
Tin tổng hợp (đa ngành),31.0,Haiphongtoplist.com,8.0,19.0,,,2 link no,900000.0,
Tin tổng hợp (đa ngành),32.0,Hatinhtoplist.com,7.0,20.0,,,2 link no,900000.0,
Tin tổng hợp (đa ngành),33.0,Hungyentoplist.com,4.0,11.0,,,2 link no,900000.0,
Tin tổng hợp (đa ngành),34.0,Lamdongtoplist.com,13.0,24.0,,,2 link no,900000.0,
Tin tổng hợp (đa ngành),35.0,Ninhbinhtoplist.com,6.0,12.0,,,2 link no,900000.0,
Tin tổng hợp (đa ngành),36.0,Quangninhtoplist.com,6.0,16.0,,,2 link no,900000.0,
Tin tổng hợp (đa ngành),37.0,Vinhlongtoplist.com,12.0,21.0,,,2 link no,900000.0,
Tin tổng hợp (đa ngành),38.0,Thanhpho.danang.vn,,,,,2 link no,900000.0,
Tin tổng hợp (đa ngành),39.0,Toplistvietnam.com,,,6.0,425.0,2 link do,1300000.0,
Tin tổng hợp (đa ngành),40.0,Toplistdanang.com,23.0,32.0,,,2 link do,800000.0,
Tin tổng hợp (đa ngành),41.0,Toplisthanoi.com,24.0,35.0,,,2 link do,800000.0,
Tin tổng hợp (đa ngành),42.0,Toplistcantho.com,15.0,25.0,,,2 link do,800000.0,
Tin tổng hợp (đa ngành),43.0,Ohay.vn,29.0,36.0,,,2 link do,800000.0,
Tin tổng hợp (đa ngành),44.0,Topdongnai.com,9.0,25.0,,,2 link do,800000.0,
Tin tổng hợp (đa ngành),45.0,Danangaz.com,32.0,54.0,,,2 link do,800000.0,
Tin tổng hợp (đa ngành),46.0,Toplistsaigon.com,16.0,37.0,,,2 link do,800000.0,
Tin tổng hợp (đa ngành),47.0,Tophaiphong.com,28.0,41.0,,,2 link do,800000.0,
Tin tổng hợp (đa ngành),48.0,Topbinhduong.com,9.0,26.0,,,2 link do,800000.0,
Tin tổng hợp (đa ngành),49.0,Inhat.vn,28.0,43.0,,,2 link do,1000000.0,
Tin tổng hợp (đa ngành),50.0,Topreview.vn,,,15.0,139.0,2 link do,700000.0,
Tin tổng hợp (đa ngành),51.0,Demoda.vn,29.0,35.0,34.0,208k,2 link do,2000000.0,
Tin tổng hợp (đa ngành),52.0,Anhdephd.vn,30.0,36.0,35.0,10k3,2 link do,1000000.0,
Tin tổng hợp (đa ngành),53.0,Kienthucvui.vn,21.0,37.0,31.0,44k,2 link do,700000.0,
Tin tổng hợp (đa ngành),54.0,Top10vietnam.vn,24.0,39.0,52.0,14k,1 link do+1 no,1500000.0,
Tin tổng hợp (đa ngành),55.0,Top10hanoi.vn,15.0,29.0,28.0,3k4,1 link do+1 no,1000000.0,
Tin tổng hợp (đa ngành),56.0,Vietdaily.vn,,,,,2 link do,1000000.0,
Tin tổng hợp (đa ngành),57.0,Sentayho.com.vn,33.0,41.0,44.0,922k,2 link do,1500000.0,
Tin tổng hợp (đa ngành),58.0,Blogthienminh.com,13.0,27.0,25.0,1k7,2 link do,500000.0,
Tin tổng hợp (đa ngành),59.0,Itoplist.vn,,,15.0,7k2,2 link do,1500000.0,Bài dạng toplist giá 2tr7
Tin tổng hợp (đa ngành),60.0,Wowhay4u.com,29.0,38.0,15.0,52k,2 link do,600000.0,
Tin tổng hợp (đa ngành),61.0,Boxbongda.com,,,,,2 link do,500000.0,
Tin tổng hợp (đa ngành),62.0,Nguoidaibieu.com.vn,,,,,2 link do,600000.0,
Tin tổng hợp (đa ngành),63.0,Toiladanhocmon.com,4.0,18.0,11.0,69.0,2 link do,800000.0,
Tin tổng hợp (đa ngành),64.0,Lifestyleonline.vn,11.0,30.0,,,2 link do,1500000.0,
Tin tổng hợp (đa ngành),65.0,Kinhtevadoanhnghiep.net,3.0,16.0,,,2 link do,1500000.0,
Tin tổng hợp (đa ngành),66.0,Doanhnhanbiz.net,4.0,18.0,,,2 link do,1500000.0,
Tin tổng hợp (đa ngành),67.0,Giadinhhiendai.com,9.0,26.0,,,2 link do,1500000.0,
Tin tổng hợp (đa ngành),68.0,Womenlifes.net,3.0,16.0,,,2 link do,1500000.0,
Tin tổng hợp (đa ngành),69.0,Phongcach24h.com,10.0,21.0,,,2 link do,1500000.0,
Tin tổng hợp (đa ngành),70.0,Saovadoanhnhan.com,9.0,16.0,,,2 link do,1500000.0,
Tin tổng hợp (đa ngành),71.0,Depvaphongcach.com,12.0,25.0,,,2 link do,1500000.0,
Tin tổng hợp (đa ngành),72.0,Kinhtethoidai.net,8.0,20.0,,,2 link do,1500000.0,
Tin tổng hợp (đa ngành),73.0,Thitruong365.com,12.0,31.0,,,2 link do,1500000.0,
Tin tổng hợp (đa ngành),74.0,Doanhnhanvietnam.vn,19.0,27.0,,,2 link do,1000000.0,
Tin tổng hợp (đa ngành),75.0,Thuonghieuvietnam.vn,7.0,15.0,,,2 link do,800000.0,
Tin tổng hợp (đa ngành),76.0,Hoahaudoanhnhan.vn,6.0,22.0,,,2 link do,800000.0,
Tin tổng hợp (đa ngành),77.0,Thegioishowbiz.vn,8.0,24.0,,,2 link do,800000.0,
Tin tổng hợp (đa ngành),78.0,Vanhoagiaitri.com.vn,6.0,17.0,,,2 link do,800000.0,
Tin tổng hợp (đa ngành),79.0,Dienanhvietnam.vn,7.0,23.0,,,2 link do,800000.0,
Tin tổng hợp (đa ngành),80.0,Phunuvietnam.net,8.0,24.0,,,2 link do,800000.0,
Tin tổng hợp (đa ngành),81.0,Nguoidepvietnam.net,8.0,26.0,,,2 link do,800000.0,
Tin tổng hợp (đa ngành),82.0,Phunuvietkhoinghiep.vn,11.0,26.0,,,2 link do,800000.0,
Tin tổng hợp (đa ngành),83.0,Doanhnghiepvietnam.vn,11.0,17.0,,,2 link do,800000.0,
Tin tổng hợp (đa ngành),84.0,Thuonghieuvasacdep.vn,23.0,30.0,22.0,,2 link do,800000.0,
Tin tổng hợp (đa ngành),85.0,Vietnamhuongsac.vn,9.0,26.0,11.0,49.0,2 link do,800000.0,
Tin tổng hợp (đa ngành),86.0,Tinhhoathoidai.vn,18.0,21.0,9.0,10.0,2 link do,800000.0,
Tin tổng hợp (đa ngành),87.0,Vanhoathoidai.vn,14.0,32.0,29.0,500.0,2 link do,800000.0,
Tin tổng hợp (đa ngành),88.0,Diendandoanhnhanvietnam.vn,20.0,30.0,38.0,,2 link do,700000.0,
Tin tổng hợp (đa ngành),89.0,Thuonghieudoanhnhan.net,8.0,17.0,19.0,,2 link do,800000.0,
Tin tổng hợp (đa ngành),90.0,Suckhoevasacdep.com.vn,13.0,25.0,23.0,370.0,2 link do,800000.0,
Tin tổng hợp (đa ngành),91.0,Kenhkinhte.vn,12.0,23.0,28.0,,2 link do,800000.0,
Tin tổng hợp (đa ngành),92.0,Wikimedia.net.vn,12.0,27.0,16.0,1k,2 link do,800000.0,
Tin tổng hợp (đa ngành),93.0,Giaoduccuocsong.vn,7.0,12.0,18.0,,2 link do,800000.0,
Tin tổng hợp (đa ngành),94.0,Phunuvatiepthi.net,13.0,23.0,,,2 link do,700000.0,
Tin tổng hợp (đa ngành),95.0,Thegioitieudung24g.net,7.0,15.0,,,2 link do,700000.0,
Tin tổng hợp (đa ngành),96.0,Kinhdoanhvathuonghieu.com,9.0,10.0,,,2 link do,700000.0,
Tin tổng hợp (đa ngành),98.0,Kinhdoanhtieudung.com,8.0,20.0,,,2 link do,700000.0,
Tin tổng hợp (đa ngành),99.0,Kinhtedoanhnghiep.com,7.0,25.0,,,2 link do,700000.0,
Tin tổng hợp (đa ngành),100.0,Daututhuonghieu.net,12.0,24.0,,,2 link do,700000.0,
Tin tổng hợp (đa ngành),101.0,Kinhtengaynay.com,14.0,26.0,,,2 link do,700000.0,
Tin tổng hợp (đa ngành),102.0,Taichinhthoidaiso.com,9.0,17.0,,,2 link do,700000.0,
Tin tổng hợp (đa ngành),103.0,Phunutieudung.org,8.0,14.0,,,2 link do,700000.0,
Tin tổng hợp (đa ngành),104.0,Doanhnhancongdong.com,9.0,23.0,,,2 link do,700000.0,
Tin tổng hợp (đa ngành),105.0,Dautuplus.net,12.0,18.0,,,2 link do,800000.0,
Tin tổng hợp (đa ngành),106.0,Thitruongthuonghieu.net,2.0,18.0,,,2 link do,800000.0,
Tin tổng hợp (đa ngành),107.0,Cafeboss.info,1.0,18.0,,,2 link do,800000.0,
Tin tổng hợp (đa ngành),108.0,Dautuforum.vn,2.0,12.0,,,2 link do,800000.0,
Tin tổng hợp (đa ngành),109.0,Daututieudung.net,10.0,25.0,,,2 link do,800000.0,
Tin tổng hợp (đa ngành),110.0,Doanhnhanasean.com,4.0,22.0,,,2 link do,800000.0,
Tin tổng hợp (đa ngành),111.0,Doanhnhanngaynay.com,3.0,19.0,,,2 link do,800000.0,
Tin tổng hợp (đa ngành),112.0,Econoview.vn,1.0,1.0,,,2 link do,800000.0,
Tin tổng hợp (đa ngành),113.0,Kinhdoanhnews.com,1.0,11.0,,,2 link do,800000.0,
Tin tổng hợp (đa ngành),114.0,Muasamvatieudung.com,1.0,17.0,,,2 link do,800000.0,
Tin tổng hợp (đa ngành),115.0,Nguoisanglap.net,2.0,14.0,,,2 link do,800000.0,
Tin tổng hợp (đa ngành),116.0,Thoibaosaigon.org,2.0,13.0,,,2 link do,800000.0,
Tin tổng hợp (đa ngành),117.0,Thoibaovietnam.net,3.0,16.0,,,2 link do,800000.0,
Tin tổng hợp (đa ngành),118.0,Thuongtruong.net,6.0,20.0,,,2 link do,800000.0,
Tin tổng hợp (đa ngành),119.0,Tiepthiinfo.com,4.0,15.0,,,2 link do,800000.0,
Tin tổng hợp (đa ngành),120.0,Thuongtruong360.com,1.0,5.0,,,2 link do,700000.0,
Tin tổng hợp (đa ngành),121.0,Cuocsongplus.com,5.0,10.0,,,2 link do,700000.0,
Tin tổng hợp (đa ngành),122.0,Tinonline24h.net,7.0,11.0,,,2 link do,700000.0,
Tin tổng hợp (đa ngành),123.0,Khoedepmoingay.net,5.0,19.0,,,2 link do,700000.0,
Tin tổng hợp (đa ngành),124.0,Tapchikhoedep.net,1.0,1.0,,,2 link do,700000.0,
Tin tổng hợp (đa ngành),125.0,Khoedep360.net,6.0,22.0,,,2 link do,700000.0,
Tin tổng hợp (đa ngành),126.0,Phunutoancau.net,1.0,1.0,,,2 link do,700000.0,
Tin tổng hợp (đa ngành),127.0,Kienthuckhoedep.com,6.0,12.0,,,2 link do,700000.0,
Tin tổng hợp (đa ngành),128.0,Phunuphongthai.net,3.0,18.0,,,2 link do,700000.0,
Tin tổng hợp (đa ngành),129.0,Doanhnhanbamien.com,3.0,21.0,,,2 link do,700000.0,
Tin tổng hợp (đa ngành),130.0,Tindoanhnhankinhte.com,1.0,5.0,,,2 link do,700000.0,
Tin tổng hợp (đa ngành),131.0,Vietnamenterprises.net,1.0,1.0,,,2 link do,700000.0,
Tin tổng hợp (đa ngành),132.0,Giaothuonghoinhap.com,1.0,5.0,,,2 link do,700000.0,
Tin tổng hợp (đa ngành),133.0,Kinhdoanhthitruongviet.net,1.0,8.0,,,2 link do,700000.0,
Tin tổng hợp (đa ngành),134.0,Kinhdoanhthitruong365.com,1.0,10.0,,,2 link do,700000.0,
Tin tổng hợp (đa ngành),135.0,Thuonghieuvang.net.vn,9.0,33.0,,,2 link do,800000.0,
Tin tổng hợp (đa ngành),,Vanhoagiaitri.vn,,,,,2 link do,500000.0,
Tin tổng hợp (đa ngành),136.0,Luv.vn,10.0,30.0,10.0,534.0,2 link do,700000.0,
Tin tổng hợp (đa ngành),137.0,Tophcm.vn,8.0,24.0,,1k7,2 link do,500000.0,
Tin tổng hợp (đa ngành),138.0,Biettuot.info,22.0,31.0,12.0,513.0,2 link do,500000.0,
Tin tổng hợp (đa ngành),139.0,Zilo.vn,7.0,17.0,30.0,116.0,2 link do,500000.0,
Tin tổng hợp (đa ngành),140.0,Danang.plus,19.0,42.0,32.0,7k,2 link do,600000.0,
Tin tổng hợp (đa ngành),142.0,Canthoriviu.vn,8.0,18.0,5.0,2k6,2 link do,700000.0,
Tin tổng hợp (đa ngành),143.0,Zreview.vn,4.0,10.0,5.0,406.0,2 link do,500000.0,
Tin tổng hợp (đa ngành),144.0,Dinhnghia.vn,,,23.0,1k6,2 link do,600000.0,
Tin tổng hợp (đa ngành),145.0,Toplistdp.com,,,,,2 link do,600000.0,
Tin tổng hợp (đa ngành),146.0,Top5tphcm.com,,,26.0,6k,2 link do,600000.0,
Tin tổng hợp (đa ngành),147.0,Boxdanhgia.net,27.0,35.0,27.0,7k4,2 link do,600000.0,
Tin tổng hợp (đa ngành),148.0,Top10hcm.vn,16.0,30.0,19.0,6k,2 link do,600000.0,
Tin tổng hợp (đa ngành),149.0,Topdanhgia.net,8.0,13.0,30.0,7k,2 link do,600000.0,Textlink 500k/tháng
Tin tổng hợp (đa ngành),150.0,Topgugo.com ,28.0,35.0,31.0,16k,2 link do,600000.0,Textlink 500k/tháng
Tin tổng hợp (đa ngành),151.0,Topshare.vn,16.0,33.0,27.0,2k,2 link do,600000.0,
Tin tổng hợp (đa ngành),152.0,Blogtranphu.com,15.0,30.0,24.0,29k,2 link do,600000.0,Textlink 500k/tháng
Tin tổng hợp (đa ngành),153.0,Vntime.org,13.0,31.0,17.0,28k,2 link do,600000.0,
Tin tổng hợp (đa ngành),154.0,Meohayaz.com,19.0,22.0,17.0,21k,2 link do,600000.0,
Tin tổng hợp (đa ngành),155.0,Tinviet365.net,14.0,27.0,26.0,7.4k,2 link do,500000.0,
Tin tổng hợp (đa ngành),156.0,Azreview.vn,,,,155.0,2 link do,500000.0,
Tin tổng hợp (đa ngành),157.0,Reviewmoithu.com,32.0,32.0,46.0,203.0,2 link do,600000.0,
Tin tổng hợp (đa ngành),158.0,Meotonghop.com,22.0,29.0,31.0,1k,2 link do,500000.0,
Tin tổng hợp (đa ngành),159.0,Nhuhoaphat.com,6.0,27.0,7.0,9k3,2 link do,600000.0,
Tin tổng hợp (đa ngành),160.0,Boxthuatngu.com,28.0,35.0,37.0,4k4,2 link do,600000.0,
Tin tổng hợp (đa ngành),161.0,Vtvcantho.vn,25.0,30.0,18.0,67.0,2 link do,600000.0,
Tin tổng hợp (đa ngành),162.0,Kenh29.com,,,,169.0,2 link do,500000.0,
Tin tổng hợp (đa ngành),163.0,Topwat.com,,,,141.0,2 link do,500000.0,
Tin tổng hợp (đa ngành),164.0,Camnangcuocsong.edu.vn,,,,500.0,2 link do,500000.0,
Tin tổng hợp (đa ngành),165.0,Camnanggiadinh.edu.vn ,,,,,2 link do,500000.0,
Tin tổng hợp (đa ngành),166.0,Kienthuccuocsong.edu.vn ,,,,,2 link do,500000.0,
Tin tổng hợp (đa ngành),167.0,Vanhoadantoc.edu.vn ,,,,,2 link do,500000.0,
Tin tổng hợp (đa ngành),168.0,Thanhnienvietnam.edu.vn,,,,,2 link do,500000.0,
Tin tổng hợp (đa ngành),169.0,Vietpeace.org.vn,,,,,2 link do,500000.0,
Tin tổng hợp (đa ngành),170.0,Megateen.vn,,,,,2 link do,500000.0,
Tin tổng hợp (đa ngành),171.0,Lender.vn,,,,,2 link do,800000.0,
Tin tổng hợp (đa ngành),172.0,Tophanoiaz.com,27.0,36.0,,298k,2 link do,2000000.0,
Tin tổng hợp (đa ngành),173.0,Toptphochiminhaz.com,22.0,33.0,,255k,2 link do,2000000.0,
Tin tổng hợp (đa ngành),174.0,Topbinhduongaz.com,21.0,30.0,,37k,2 link do,1000000.0,
Tin tổng hợp (đa ngành),175.0,Topdongnaiaz.com,15.0,30.0,,31k,2 link do,1000000.0,
Tin tổng hợp (đa ngành),176.0,Tophaiphongaz.com,22.0,33.0,,3k4,2 link do,900000.0,
Tin tổng hợp (đa ngành),177.0,Tophaiduongaz.com,19.0,30.0,,4k2,2 link do,900000.0,
Tin tổng hợp (đa ngành),178.0,Topnamdinhaz.com,19.0,32.0,,2k7,2 link do,900000.0,
Tin tổng hợp (đa ngành),179.0,Topbariavungtauaz.com,16.0,32.0,,,2 link do,900000.0,
Tin tổng hợp (đa ngành),180.0,Topbinhdinhaz.com,7.0,24.0,,310.0,2 link do,700000.0,
Tin tổng hợp (đa ngành),181.0,Topcanthoaz.com,13.0,29.0,,648.0,2 link do,900000.0,
Tin tổng hợp (đa ngành),182.0,Topthanhhoaaz.com,19.0,29.0,,5k4,2 link do,900000.0,
Tin tổng hợp (đa ngành),183.0,Topbacninhaz.com,14.0,27.0,,383.0,2 link do,900000.0,
Tin tổng hợp (đa ngành),184.0,Topdaklakaz.com,19.0,28.0,,81.0,2 link do,700000.0,
Tin tổng hợp (đa ngành),185.0,Topthainguyenaz.com,15.0,26.0,,100.0,2 link do,700000.0,
Tin tổng hợp (đa ngành),186.0,Topkhanhhoaaz.com,16.0,23.0,,,2 link do,700000.0,
Tin tổng hợp (đa ngành),187.0,Toplangsonaz.com,16.0,23.0,,114.0,2 link do,700000.0,
Tin tổng hợp (đa ngành),188.0,Topdongthapaz.com,13.0,26.0,,,2 link do,700000.0,
Tin tổng hợp (đa ngành),189.0,Tophatinhaz.com,8.0,21.0,,,2 link do,700000.0,
Tin tổng hợp (đa ngành),190.0,Topbacgiangaz.com,16.0,27.0,,,2 link do,700000.0,
Tin tổng hợp (đa ngành),191.0,Topangiangaz.com,16.0,29.0,,,2 link do,700000.0,
Tin tổng hợp (đa ngành),192.0,Toptravinhaz.com,,,,,2 link do,700000.0,
Tin tổng hợp (đa ngành),193.0,Toptiengiangaz.com,,,,,2 link do,700000.0,
Tin tổng hợp (đa ngành),194.0,Toplonganaz.com,,,,,2 link do,700000.0,
Tin tổng hợp (đa ngành),195.0,Topbentreaz.com,,,,,2 link do,700000.0,
Tin tổng hợp (đa ngành),196.0,Topquangninhaz.com,,,,,2 link do,700000.0,
Tin tổng hợp (đa ngành),197.0,Topyenbaiaz.com,,,,,2 link do,700000.0,
Tin tổng hợp (đa ngành),198.0,Tophagiangaz.com,,,,,2 link do,700000.0,
Tin tổng hợp (đa ngành),199.0,Topninhthuanaz.com,,,,,2 link do,700000.0,
Tin tổng hợp (đa ngành),200.0,Topphuthoaz.com,,,,,2 link do,700000.0,
Tin tổng hợp (đa ngành),201.0,Topquangnamaz.com,,,,,2 link do,700000.0,
Tin tổng hợp (đa ngành),202.0,Topcaobangaz.com,,,,,2 link do,700000.0,
Tin tổng hợp (đa ngành),203.0,Toptayninhaz.com,,,,,2 link do,700000.0,
Tin tổng hợp (đa ngành),204.0,Topsoctrangaz.com,,,,,2 link do,700000.0,
Tin tổng hợp (đa ngành),205.0,Topninhbinhaz.com,,,,,2 link do,700000.0,
Tin tổng hợp (đa ngành),206.0,Topbaclieuaz.com,,,,,2 link do,700000.0,
Tin tổng hợp (đa ngành),207.0,Topvinhphucaz.com,,,,,2 link do,700000.0,
Tin tổng hợp (đa ngành),208.0,Topquangngaiaz.com,,,,,2 link do,700000.0,
Tin tổng hợp (đa ngành),209.0,Toplaocaiaz.com,,,,,2 link do,700000.0,
Tin tổng hợp (đa ngành),210.0,Topbinhdinhaz.com,,,,,2 link do,700000.0,
Tin tổng hợp (đa ngành),211.0,Tophoabinhaz.com,,,,,2 link do,700000.0,
Tin tổng hợp (đa ngành),212.0,Tophungyenaz.com,,,,,2 link do,700000.0,
Tin tổng hợp (đa ngành),213.0,Topkiengiangaz.com,,,,,2 link do,700000.0,
Tin tổng hợp (đa ngành),214.0,Topkontumaz.com,,,,,2 link do,700000.0,
Tin tổng hợp (đa ngành),215.0,Topngheanaz.com,,,,,2 link do,700000.0,
Tin tổng hợp (đa ngành),216.0,Topbinhthuanaz.com,,,,,2 link do,700000.0,
Tin tổng hợp (đa ngành),217.0,Tophanamaz.com,,,,,2 link do,700000.0,
Tin tổng hợp (đa ngành),218.0,Topthaibinhaz.com,,,,,2 link do,700000.0,
Tin tổng hợp (đa ngành),219.0,Topcamauaz.com,,,,,2 link do,700000.0,
Tin tổng hợp (đa ngành),220.0,Topgialaiaz.com,,,,,2 link do,700000.0,
Tin tổng hợp (đa ngành),221.0,Topdanangaz.com,,,,,2 link do,700000.0,
Tin tổng hợp (đa ngành),222.0,Topdienbienaz.com,,,,,2 link do,700000.0,
Tin tổng hợp (đa ngành),223.0,Topbinhphuocaz.com,,,,,2 link do,700000.0,
Tin tổng hợp (đa ngành),224.0,Toptuyenquangaz.com,,,,,2 link do,700000.0,
Tin tổng hợp (đa ngành),225.0,Topvinhlongaz.com,,,,,2 link do,700000.0,
Tin tổng hợp (đa ngành),226.0,Topsonlaaz.com,,,,,2 link do,700000.0,
Tin tổng hợp (đa ngành),227.0,Toplamdongaz.com,,,,,2 link do,700000.0,
Tin tổng hợp (đa ngành),228.0,Toplaichauaz.com,,,,,2 link do,700000.0,
Tin tổng hợp (đa ngành),229.0,Tophaugiangaz.com,,,,,2 link do,700000.0,
Tin tổng hợp (đa ngành),230.0,Topquangbinhaz.com,,,,,2 link do,700000.0,
Tin tổng hợp (đa ngành),231.0,Topdaknongaz.com,,,,,2 link do,700000.0,
Tin tổng hợp (đa ngành),232.0,Topquangtriaz.com,,,,,2 link do,700000.0,
Tin tổng hợp (đa ngành),233.0,Topphuyenaz.com,,,,,2 link do,700000.0,
Tin tổng hợp (đa ngành),234.0,Topbackanaz.com,,,,,2 link do,700000.0,
